<?xml version = "1.0" encoding = "utf-8" ?>
<component name = "TrackSelectContent" extends = "ContentNode" >
  <children >
    <ContentNode title = "Sprints" >
      <ContentNode
        HDPosterUrl = "https://sthsroku.net/clubhub/Content/images/trackandfield/sprints/sprints1.jpg" 
        title = "Maximizing Block Starts" 
        url = "https://sthsroku.net/clubhub/Content/videos/trackandfield/sprints/sprints1.mp4" />
      <ContentNode 
        HDPosterUrl = "https://sthsroku.net/clubhub/Content/images/trackandfield/sprints/sprints2.jpg" 
        title = "Sprinting Form" 
        url = "https://sthsroku.net/clubhub/Content/videos/trackandfield/sprints/sprints2.mp4" />
      <ContentNode 
        HDPosterUrl = "https://sthsroku.net/clubhub/Content/images/trackandfield/sprints/sprints3.jpg" 
        title = "Foot Strike" 
        url = "https://sthsroku.net/clubhub/Content/videos/trackandfield/sprints/sprints3.mp4" />
      <ContentNode 
        HDPosterUrl = "https://sthsroku.net/clubhub/Content/images/trackandfield/sprints/sprints4.jpg" 
        title = "Baton Pass" 
        url = "https://sthsroku.net/clubhub/Content/videos/trackandfield/sprints/sprints4.mp4" />
    </ContentNode>
    <ContentNode title = "Distance" > 
      <ContentNode 
        HDPosterUrl = "https://sthsroku.net/clubhub/Content/images/trackandfield/distance/distance1.jpg" 
        title = "Breathing Technique" 
        url = "https://sthsroku.net/clubhub/Content/videos/trackandfield/distance/distance1.mp4" />
      <ContentNode 
        HDPosterUrl = "https://sthsroku.net/clubhub/Content/images/trackandfield/distance/distance2.jpg" 
        title = "Efficient Running" 
        url = "https://sthsroku.net/clubhub/Content/videos/trackandfield/distance/distance2.mp4" />
      <ContentNode 
        HDPosterUrl = "https://sthsroku.net/clubhub/Content/images/trackandfield/distance/distance3.jpg" 
        title = "Build Endurance" 
        url = "https://sthsroku.net/clubhub/Content/videos/trackandfield/distance/distance3.mp4" />
      <ContentNode 
        HDPosterUrl = "https://sthsroku.net/clubhub/Content/images/trackandfield/distance/distance4.jpg" 
        title = "Proper Footstrike" 
        url = "https://sthsroku.net/clubhub/Content/videos/trackandfield/distance/distance4.mp4" />
    </ContentNode>
    <ContentNode title = "Hurdles" >
      <ContentNode 
        HDPosterUrl = "https://sthsroku.net/clubhub/Content/images/trackandfield/hurdles/hurdles1.jpg" 
        title = "Hurdle Technique" 
        url = "https://sthsroku.net/clubhub/Content/videos/trackandfield/hurdles/hurdles1.mp4" />
      <ContentNode 
        HDPosterUrl = "https://sthsroku.net/clubhub/Content/images/trackandfield/hurdles/hurdles2.jpg" 
        title = "Lead Leg" 
        url = "https://sthsroku.net/clubhub/Content/videos/trackandfield/hurdles/hurdles2.mp4" />
      <ContentNode 
        HDPosterUrl = "https://sthsroku.net/clubhub/Content/images/trackandfield/hurdles/hurdles3.jpg" 
        title = "Perfect 110m Technique" 
        url = "https://sthsroku.net/clubhub/Content/videos/trackandfield/hurdles/hurdles3.mp4" />
      <ContentNode 
        HDPosterUrl = "https://sthsroku.net/clubhub/Content/images/trackandfield/hurdles/hurdles4.jpg" 
        title = "Trail Leg" 
        url = "https://sthsroku.net/clubhub/Content/videos/trackandfield/hurdles/hurdle43.mp4" />
    </ContentNode>
    <ContentNode title = "Jumps" >
      <ContentNode 
        HDPosterUrl = "https://sthsroku.net/clubhub/Content/images/trackandfield/jumps/jumps1.jpg" 
        title = "Long Jump" 
        url = "https://sthsroku.net/clubhub/Content/videos/trackandfield/jumps/jumps1.mp4" />
      <ContentNode 
        HDPosterUrl = "https://sthsroku.net/clubhub/Content/images/trackandfield/jumps/jumps2.jpg" 
        title = "Triple Jump" 
        url = "https://sthsroku.net/clubhub/Content/videos/trackandfield/jumps/jumps2.mp4" />
      <ContentNode 
        HDPosterUrl = "https://sthsroku.net/clubhub/Content/images/trackandfield/jumps/jumps3.jpg" 
        title = "High Jump"
        url = "https://sthsroku.net/clubhub/Content/videos/trackandfield/jumps/jumps3.mp4" />
      <ContentNode 
        HDPosterUrl = "https://sthsroku.net/clubhub/Content/images/trackandfield/jumps/jumps4.jpg" 
        title = "Increase Vertical" 
        url = "https://sthsroku.net/clubhub/Content/videos/trackandfield/jumps/jumps4.mp4" />
    </ContentNode>
    <ContentNode title = "Throws" >
      <ContentNode 
        HDPosterUrl = "https://sthsroku.net/clubhub/Content/images/trackandfield/throws/throws1.jpg" 
        title = "Shot Put" 
        url = "https://sthsroku.net/clubhub/Content/videos/trackandfield/throws/throws1.mp4" />
      <ContentNode 
        HDPosterUrl = "https://sthsroku.net/clubhub/Content/images/trackandfield/throws/throws2.jpg" 
        title = "Discus"
        url = "https://sthsroku.net/clubhub/Content/videos/trackandfield/throws/throws2.mp4" />
      <ContentNode 
        HDPosterUrl = "https://sthsroku.net/clubhub/Content/images/trackandfield/throws/throws3.jpg" 
        title = "Javelin" 
        url = "https://sthsroku.net/clubhub/Content/videos/trackandfield/throws/throws3.mp4" />
      <ContentNode 
        HDPosterUrl = "https://sthsroku.net/clubhub/Content/images/trackandfield/throws/throws4.jpg" 
        title = "Hammer Throw" 
        url = "https://sthsroku.net/clubhub/Content/videos/trackandfield/throws/throws4.mp4" />
    </ContentNode>
    <ContentNode title = "Meets" >
      <ContentNode 
        HDPosterUrl = "https://sthsroku.net/clubhub/Content/images/trackandfield/meets/meets1.jpg" 
        title = "Clip One" 
        url = "https://sthsroku.net/clubhub/Content/videos/trackandfield/meets/meets1.mp4" />
      <ContentNode 
        HDPosterUrl = "https://sthsroku.net/clubhub/Content/images/trackandfield/meets/meets2.jpg" 
        title = "Clip Two"
        url = "https://sthsroku.net/clubhub/Content/videos/trackandfield/meets/meets2.mp4" />
      <ContentNode 
        HDPosterUrl = "https://sthsroku.net/clubhub/Content/images/trackandfield/meets/meets3.jpg" 
        title = "Clip Three" 
        url = "https://sthsroku.net/clubhub/Content/videos/trackandfield/meets/meets3.mp4" />
    </ContentNode>
  </children>
</component>
