<?xml version = "1.0" encoding = "utf-8" ?>
<component name = "VolleyballSelectContent" extends = "ContentNode" >
  <children >
    <ContentNode title = "Fundamentals" >
      <ContentNode
        HDPosterUrl = "https://sthsroku.net/clubhub/Content/images/volleyball/fundamentals/fundamentals1.jpg" 
        title = "How to Pass" 
        url = "https://sthsroku.net/clubhub/Content/videos/volleyball/fundamentals/fundamentals1.mp4" />
      <ContentNode 
        HDPosterUrl = "https://sthsroku.net/clubhub/Content/images/volleyball/fundamentals/fundamentals2.jpg" 
        title = "How to Set" 
        url = "https://sthsroku.net/clubhub/Content/videos/volleyball/fundamentals/fundamentals2.mp4" />
      <ContentNode 
        HDPosterUrl = "https://sthsroku.net/clubhub/Content/images/volleyball/fundamentals/fundamentals3.jpg" 
        title = "How to Float Serve" 
        url = "https://sthsroku.net/clubhub/Content/videos/volleyball/fundamentals/fundamentals3.mp4" />
      <ContentNode 
        HDPosterUrl = "https://sthsroku.net/clubhub/Content/images/volleyball/fundamentals/fundamentals4.jpg" 
        title = "How to Spike" 
        url = "https://sthsroku.net/clubhub/Content/videos/volleyball/fundamentals/fundamentals4.mp4" />
    </ContentNode>
    <ContentNode title = "Strategy" >
      <ContentNode 
        HDPosterUrl = "https://sthsroku.net/clubhub/Content/images/volleyball/strategy/strategy1.jpg" 
        title = "Smarter Volleyball" 
        url = "https://sthsroku.net/clubhub/Content/videos/volleyball/strategy/strategy1.mp4" />
      <ContentNode 
        HDPosterUrl = "https://sthsroku.net/clubhub/Content/images/volleyball/strategy/strategy2.jpg" 
        title = "Serving Strategies" 
        url = "https://sthsroku.net/clubhub/Content/videos/volleyball/strategy/strategy2.mp4" />
      <ContentNode 
        HDPosterUrl = "https://sthsroku.net/clubhub/Content/images/volleyball/strategy/strategy3.jpg" 
        title = "5-1 Rotation" 
        url = "https://sthsroku.net/clubhub/Content/videos/volleyball/strategy/strategy3.mp4" />
      <ContentNode 
        HDPosterUrl = "https://sthsroku.net/clubhub/Content/images/volleyball/strategy/strategy4.jpg" 
        title = "4 2 System" 
        url = "https://sthsroku.net/clubhub/Content/videos/volleyball/strategy/strategy4.mp4" />
    </ContentNode>
    <ContentNode title = "Matches" > 
      <ContentNode 
        HDPosterUrl = "https://sthsroku.net/clubhub/Content/images/volleyball/matches/SC.jpg" 
        title = "vs Silver Creek Set 1 (2/28)" 
        url = "https://sthsroku.net/clubhub/Content/videos/volleyball/matches/SCset1.MOV" />
      <ContentNode 
        HDPosterUrl = "https://sthsroku.net/clubhub/Content/images/volleyball/matches/SC.jpg" 
        title = "vs Silver Creek Set 2 (2/28)" 
        url = "https://sthsroku.net/clubhub/Content/videos/volleyball/matches/SCset2.MOV" />
      <ContentNode 
        HDPosterUrl = "https://sthsroku.net/clubhub/Content/images/volleyball/matches/SC.jpg" 
        title = "vs Silver Creek Set 3 (2/28)" 
        url = "https://sthsroku.net/clubhub/Content/videos/volleyball/matches/SCset3.MOV" />
      <ContentNode 
        HDPosterUrl = "https://sthsroku.net/clubhub/Content/images/volleyball/matches/G.jpg" 
        title = "vs Gunderson Full Game (3/3)" 
        url = "https://sthsroku.net/clubhub/Content/videos/volleyball/matches/G.MOV" />
      <ContentNode 
        HDPosterUrl = "https://sthsroku.net/clubhub/Content/images/volleyball/matches/MP.jpg" 
        title = "vs Mount Pleasant Full Game (3/8)" 
        url = "https://sthsroku.net/clubhub/Content/videos/volleyball/matches/MP.MOV" />
      <ContentNode 
        HDPosterUrl = "https://sthsroku.net/clubhub/Content/images/volleyball/matches/JL.jpg" 
        title = "vs James Lick Set 1 (3/21)" 
        url = "https://sthsroku.net/clubhub/Content/videos/volleyball/matches/JLSet1.MOV" />
      <ContentNode 
        HDPosterUrl = "https://sthsroku.net/clubhub/Content/images/volleyball/matches/JL.jpg" 
        title = "vs James Lick Set 2 (3/21)" 
        url = "https://sthsroku.net/clubhub/Content/videos/volleyball/matches/JLSet2.MOV" />
      <ContentNode 
        HDPosterUrl = "https://sthsroku.net/clubhub/Content/images/volleyball/matches/JL.jpg" 
        title = "vs James Lick Set 3 (3/21)" 
        url = "https://sthsroku.net/clubhub/Content/videos/volleyball/matches/JLSet3.MOV" />
      <ContentNode 
        HDPosterUrl = "https://sthsroku.net/clubhub/Content/images/volleyball/matches/JL.jpg" 
        title = "vs James Lick Set 4 (3/21)" 
        url = "https://sthsroku.net/clubhub/Content/videos/volleyball/matches/JLSet4.MOV" />
    </ContentNode>
  </children>
</component>