<?xml version = "1.0" encoding = "utf-8" ?>
<component name = "VideoSelectContent" extends = "ContentNode" >
  <children >
    <ContentNode title = "Footwork" >
      <ContentNode
        HDPosterUrl = "https://sthsroku.net/clubhub/Content/images/badminton/footwork/badmintonfootwork1.jpg" 
        title = "Rearcourt Footwork" 
        url = "https://sthsroku.net/clubhub/Content/images/badminton/footwork/badmintonfootwork2.jpg" 
        streamFormat = "mp4" />
      <ContentNode 
        HDPosterUrl = "https://sthsroku.net/clubhub/Content/images/badminton/footwork/badmintonfootwork2.jpg" 
        title = "Frontcourt Footwork" 
        url = "https://sthsroku.net/clubhub/Content/images/badminton/footwork/badmintonfootwork2.jpg" 
        streamFormat = "mp4" />
      <ContentNode 
        HDPosterUrl = "https://sthsroku.net/clubhub/Content/images/badminton/footwork/badmintonfootwork3.jpg" 
        title = "Faster Footwork" 
        url = "https://sthsroku.net/clubhub/Content/images/badminton/footwork/badmintonfootwork3.jpg" 
        streamFormat = "mp4" />
      <ContentNode 
        HDPosterUrl = "https://sthsroku.net/clubhub/Content/images/badminton/footwork/badmintonfootwork4.jpg" 
        title = "4 Corners Footwork" 
        url = "https://sthsroku.net/clubhub/Content/images/badminton/footwork/badmintonfootwork4.jpg" 
        streamFormat = "mp4" />
    </ContentNode>
    <ContentNode title = "RacketSkills" >
      <ContentNode 
        HDPosterUrl = "https://sthsroku.net/clubhub/Content/images/badminton/backgrounds/badmintonmain.jpg" 
        title = "How to Clear" 
        url = "the voices" 
        streamFormat = "mp4" />
      <ContentNode 
        HDPosterUrl = "https://sthsroku.net/clubhub/Content/images/basketball/backgrounds/basketballmain.png" 
        title = "How to Drop" 
        url = "" 
        streamFormat = "mp4" />
      <ContentNode 
        HDPosterUrl = "https://sthsroku.net/clubhub/Content/images/soccer/backgrounds/soccermain.png" 
        title = "How to Smash" 
        url = "" 
        streamFormat = "mp4" />
      <ContentNode 
        HDPosterUrl = "https://sthsroku.net/clubhub/Content/images/trackandfield/backgrounds/trackmain.png" 
        title = "How to Backhand" 
        url = "" 
        streamFormat = "mp4" />
      <ContentNode 
        HDPosterUrl = "https://sthsroku.net/clubhub/Content/images/volleyball/backgrounds/volleyballmain.png" 
        title = "How to Handle Rearcourt Pressure" 
        url = "" 
        streamFormat = "mp4" />
    </ContentNode>
    <ContentNode title = "Strategy" >
      <ContentNode 
        HDPosterUrl = "https://sthsroku.net/clubhub/Content/images/badminton/backgrounds/badmintonmain.jpg" 
        title = "Advanced Singles Strategies" 
        url = "" 
        streamFormat = "mp4" />
      <ContentNode
        HDPosterUrl = "https://sthsroku.net/clubhub/Content/images/basketball/backgrounds/basketballmain.png" 
        title = "Tactical Advice for Singles" 
        url = "" 
        streamFormat = "mp4" />
      <ContentNode 
        HDPosterUrl = "https://sthsroku.net/clubhub/Content/images/soccer/backgrounds/soccermain.png" 
        title = "How to Tire Out Your Opponent" 
        url = "" 
        streamFormat = "mp4" />
      <ContentNode 
        HDPosterUrl = "https://sthsroku.net/clubhub/Content/images/trackandfield/backgrounds/trackmain.png" 
        title = "Serving Strategy for Doubles" 
        url = "" 
        streamFormat = "mp4" />
      <ContentNode 
        HDPosterUrl = "https://sthsroku.net/clubhub/Content/images/volleyball/backgrounds/volleyballmain.png" 
        title = "How to Attack and Rotate in Doubles" 
        url = "" 
        streamFormat = "mp4" />
    </ContentNode>
    <ContentNode title = "V1 Boys Doubles" >
      <ContentNode 
        HDPosterUrl = "https://sthsroku.net/clubhub/Content/images/badminton/backgrounds/badmintonmain.jpg" 
        title = "Boys Doubles V1 3/16" 
        url = "" 
        streamFormat = "mp4" />
      <ContentNode 
        HDPosterUrl = "https://sthsroku.net/clubhub/Content/images/basketball/backgrounds/basketballmain.png" 
        title = "Boys Doubles V1 3/22" 
        url = "" 
        streamFormat = "mp4" />
      <ContentNode 
        HDPosterUrl = "https://sthsroku.net/clubhub/Content/images/soccer/backgrounds/soccermain.png" 
        title = "Boys Doubles V1 3/24"
        url = "" 
        streamFormat = "mp4" />
      <ContentNode 
        HDPosterUrl = "https://sthsroku.net/clubhub/Content/images/trackandfield/backgrounds/trackmain.png" 
        title = "Boys Doubles V1 4/19" 
        url = "" 
        streamFormat = "mp4" />
      <ContentNode 
        HDPosterUrl = "https://sthsroku.net/clubhub/Content/images/volleyball/backgrounds/volleyballmain.png" 
        title = "Boys Doubles V1 4/26" 
        url = "" 
        streamFormat = "mp4" />
      <ContentNode 
        HDPosterUrl = "https://sthsroku.net/clubhub/Content/images/waterpolo/backgrounds/waterpolomain.png" 
        title = "Boys Doubles V1 5/4" 
        url = "" 
        streamFormat = "mp4" />
      <ContentNode 
        HDPosterUrl = "https://sthsroku.net/clubhub/Content/images/waterpolo/backgrounds/waterpolomain.png" 
        title = "Boys Doubles V1 5/5" 
        url = "" 
        streamFormat = "mp4" />
    </ContentNode>
    <ContentNode title = "V3 Boys Doubles" >
      <ContentNode 
        HDPosterUrl = "https://sthsroku.net/clubhub/Content/images/badminton/backgrounds/badmintonmain.jpg" 
        title = "Boys Doubles V3 3/15" 
        url = "" 
        streamFormat = "mp4" />
      <ContentNode 
        HDPosterUrl = "https://sthsroku.net/clubhub/Content/images/basketball/backgrounds/basketballmain.png" 
        title = "Boys Doubles V3 3/16"
        url = "" 
        streamFormat = "mp4" />
      <ContentNode 
        HDPosterUrl = "https://sthsroku.net/clubhub/Content/images/soccer/backgrounds/soccermain.png" 
        title = "Boys Doubles V3 3/22" 
        url = "" 
        streamFormat = "mp4" />
      <ContentNode 
        HDPosterUrl = "https://sthsroku.net/clubhub/Content/images/trackandfield/backgrounds/trackmain.png" 
        title = "Boys Doubles V3 5/4 Game 1" 
        url = "" 
        streamFormat = "mp4" />
      <ContentNode 
        HDPosterUrl = "https://sthsroku.net/clubhub/Content/images/volleyball/backgrounds/volleyballmain.png" 
        title = "Boys Doubles V3 5/4 Game 2" 
        url = "" 
        streamFormat = "mp4" />
    <ContentNode title = "V2 Boys Singles" >
      <ContentNode 
        HDPosterUrl = "https://sthsroku.net/clubhub/Content/images/badminton/backgrounds/badmintonmain.jpg" 
        title = "Boys Singles V2 3/22" 
        url = "" 
        streamFormat = "mp4" />
      <ContentNode 
        HDPosterUrl = "https://sthsroku.net/clubhub/Content/images/basketball/backgrounds/basketballmain.png" 
        title = "Boys Singles V2 3/24" 
        url = "" 
        streamFormat = "mp4" />
      <ContentNode 
        HDPosterUrl = "https://sthsroku.net/clubhub/Content/images/soccer/backgrounds/soccermain.png" 
        title = "Boys Singles V2 4/19" 
        url = "" 
        streamFormat = "mp4" />
      <ContentNode 
        HDPosterUrl = "https://sthsroku.net/clubhub/Content/images/trackandfield/backgrounds/trackmain.png" 
        title = "Boys Singles V2 4/26" 
        url = "" 
        streamFormat = "mp4" />
      <ContentNode 
        HDPosterUrl = "https://sthsroku.net/clubhub/Content/images/volleyball/backgrounds/volleyballmain.png" 
        title = "Boys Singles V2 4/28 Part 1" 
        url = "" 
        streamFormat = "mp4" />
      <ContentNode 
        HDPosterUrl = "https://sthsroku.net/clubhub/Content/images/waterpolo/backgrounds/waterpolomain.png" 
        title = "Boys Singles V2 4/28 Part 2" 
        url = "" 
        streamFormat = "mp4" />
    </ContentNode>
    </ContentNode>
  </children>
</component>
